"Target_Keyword","Entity","Entity_Topology","Friction","Logic","Content_Angle"
"what color is my aura","aura color quiz · energetic vibration field · chakra-aura correlation · personality-aura mapping · aura photography","Aura Color ↔ Chakra System ↔ Personality Expression","Seekers conflate aura color with a fixed personality type because quiz-based SERP trains users to expect one permanent answer.","The aura's color composition reflects dominant chakra activation at a given moment, not a permanent trait. Different energy centers modulate distinct spectral frequencies detectable through kirlian photography and energetic sensitivity practices. Emotional state, physical health, and spiritual development continuously reshape the dominant color layer. This makes ""what color is my aura"" a time-sensitive question rather than a fixed label.","Your Aura Color Isn't Fixed: How Chakra Shifts Change What Others See | Gap_Reason: SERP dominated by single-answer quiz tools; none address aura dynamism or the chakra-color correlation mechanism. Aligned: Yes"
"emotion journal","affect labeling technique · therapeutic writing practice · emotion tracking log · self-regulation diary · mood pattern recognition","Emotional State ↔ Writing Practice ↔ Psychological Regulation","Users conflate the academic APA publication ""Emotion"" with personal journaling because the keyword triggers both meanings, leaving intent ambiguity unresolved across SERP.","Structured emotion journals operationalize affect labeling — a process shown to reduce amygdala reactivity by engaging prefrontal naming circuits. Consistent tracking creates a longitudinal emotional dataset revealing triggers, patterns, and recovery cycles invisible to real-time awareness. Journal format determines whether negative states are amplified or processed: free-form venting differs mechanically from structured reflection prompts. Two-page entry formats separating event description from emotional response produce deeper integration than single-field mood logs.","Emotion Journal vs. Mood Log: How Affect Labeling Actually Processes Feelings Instead of Just Recording Them | Gap_Reason: SERP splits between APA publication and generic journaling apps; no result explains the neurological mechanism or how format choice changes psychological outcomes. Aligned: Yes"
"blue node astrology","North Node software color · lunar node axis · chart visualization convention · True Node vs Mean Node · nodal polarity","North Node ↔ Chart Software Display ↔ Beginner Terminology Confusion","Beginners misidentify ""blue node"" as a distinct point because chart software colors the North Node blue, a visual shorthand no astrology text explains.","In most birth chart display software, the North Node renders in blue and the South Node in a contrasting color, creating a visual shorthand beginners adopt as terminology. The North Node (Rahu in Vedic systems) marks the soul's evolutionary leading edge, contrasting with the South Node's repository of past-life skills. This color coding is software-specific and varies across platforms — Astro.com, Astro-Seek, and TimePassages all use different color conventions. Knowing this prevents misidentification when switching between chart software or reading interpretations written without visual context.","What ""Blue Node"" Actually Means in Astrology: The Chart Software Color Code Behind a Common Beginner Question | Gap_Reason: Zero SERP results address the blue = North Node software visualization gap; all assume prior knowledge of North Node terminology, leaving the actual search intent unanswered. Aligned: Yes"
"north node in leo","North Node Leo placement · Leo-Aquarius nodal axis · fifth house soul purpose · creative self-expression karma · South Node Aquarius shadow","North Node Leo ↔ Creative Self-Expression ↔ Individual Visibility vs Group Identity","Readers conflate Leo North Node with ego-building because SERP frames it as ""becoming a star,"" missing the Aquarius shadow dynamic driving actual resistance.","The North Node in Leo instructs the soul to develop autonomous self-expression as a corrective to habitual reliance on collective identity (South Node Aquarius). Leo's fifth house territory governs creative output, romance, and authentic individual contribution — domains where group consensus cannot substitute for personal investment. The karmic work involves trusting singular vision over collective approval, which registers psychologically as visibility discomfort and fear of self-promotion. Transits and progressions activating the Leo-Aquarius nodal axis accelerate this developmental pressure during predictable life windows.","North Node in Leo: Why Your Soul Needs the Spotlight (and Why Aquarius Energy Keeps Pulling You Back) | Gap_Reason: SERP provides traits lists and vague ""embrace creativity"" advice; no result explains the Aquarius shadow mechanism or why this nodal placement specifically triggers visibility avoidance. Aligned: Yes"
"rahu and ketu astrology","Rahu shadow planet · Ketu moksha indicator · Vedic lunar node axis · karmic desire-liberation polarity · Dasha period timing","Rahu (worldly desire) ↔ Nodal Axis ↔ Ketu (spiritual liberation)","Western astrology readers conflate Rahu/Ketu with North/South Nodes because naming systems differ without a bridging explanation, producing interpretation errors across traditions.","Rahu and Ketu are the Sanskrit designations for the ascending and descending lunar nodes — mathematically identical to Western North and South Nodes but interpreted through a distinct Vedic psychological framework. Rahu signifies insatiable material desire and worldly ambition, amplifying whatever house it occupies; Ketu represents accumulated spiritual mastery from past lives and tends toward detachment in its natal domain. Their Dasha periods (Rahu: 18 years, Ketu: 7 years) are among the most consequential predictive life phases in Jyotish. The same mathematical axis produces different prescriptive guidance depending on whether the Western evolutionary model or the Vedic karmic timing model is applied.","Rahu and Ketu vs. North and South Nodes: The Same Math, Completely Different Interpretive Framework | Gap_Reason: No SERP result bridges the Western-Vedic naming confusion; all results assume the reader is already inside the Vedic framework without explaining why the prescriptions differ. Aligned: Yes"
"uttara bhadrapada nakshatra","Uttara Bhadrapada 26th nakshatra · Jupiter-Saturn dual rulership · Ahirbudhnya deity · Pisces placement · fixed constellation quality","Uttara Bhadrapada ↔ Jupiter/Saturn ↔ Integrated Spiritual Wisdom and Permanence","Students confuse Uttara and Purva Bhadrapada because both share the ""Bhadrapada"" root and adjacent degrees, causing chart misidentification and misapplied trait profiles.","Uttara Bhadrapada spans 3°20'–16°40' Pisces and combines Jupiter's wisdom-orientation with Saturn's co-rulership in some traditions, creating a disciplined spiritual depth absent in the preceding nakshatra. Its presiding deity Ahirbudhnya — the serpent of the deep — governs hidden knowledge and cosmic depths, contrasting with Purva Bhadrapada's Ajaikapada (one-footed serpent of spiritual fire). The fixed constellation quality favors long-term projects, community founding, and spiritual practice with permanence as the outcome rather than transformation. Natives carry the integrated learning of the preceding 25 nakshatras, making this placement associated with penultimate zodiacal wisdom rather than entry-level spirituality.","Uttara Bhadrapada Nakshatra: How Jupiter and Saturn Collaborate to Produce the Zodiac's Most Grounded Spiritual Placement | Gap_Reason: SERP provides generic traits lists; no result explains the Jupiter-Saturn dual influence mechanism or clearly differentiates it from Purva Bhadrapada. Aligned: Yes"
"uttara phalguni nakshatra","Uttara Phalguni 12th nakshatra · Sun-Aryaman rulership · patronage archetype · Leo-Virgo cusp placement · committed service orientation","Uttara Phalguni ↔ Sun/Aryaman ↔ Dutiful Patronage and Formalized Generosity","Students conflate Purva and Uttara Phalguni because both share a name and bed symbol, missing the distinction between free pleasure and committed service.","Uttara Phalguni spans 26°40' Leo to 10° Virgo, with the Leo portion anchoring solar authority and the Virgo portion channeling it into structured service. Aryaman, its presiding deity, governs contracts, patronage, and the social obligations of formalized hospitality — making this a nakshatra of organized generosity rather than spontaneous giving. Where Venus-ruled Purva Phalguni explores pleasure freely, Uttara Phalguni converts that vitality into durable commitment and public duty. This Leo-to-Virgo crossing makes it distinctly active in leadership-through-service sectors: medicine, law, community governance, and education.","Uttara Phalguni Nakshatra: When the Sun Becomes a Patron — The Duty-Love Axis Explained | Gap_Reason: SERP results describe traits without explaining the Leo-Virgo split mechanism or Aryaman's contractual generosity framework. Aligned: Yes"
"purva bhadrapada nakshatra","Purva Bhadrapada 25th nakshatra · Jupiter ruling · Ajaikapada deity · Aquarius-Pisces crossing · spiritual fire archetype","Purva Bhadrapada ↔ Jupiter/Aquarius-Pisces ↔ Spiritual Fire and Ego Dissolution Risk","Students treat Purva Bhadrapada as spiritually benign because Jupiter rules it, overlooking Prokerala's explicit notation of violence and destructiveness potential alongside mysticism.","Purva Bhadrapada spans 20° Aquarius to 3°20' Pisces and is ruled by Jupiter, but Jupiter's influence here filters through Aquarius's revolutionary idealism before crossing into Pisces's dissolution — a volatile sequence. Ajaikapada (one-footed serpent deity) governs storms and the cathartic destruction that precedes cosmic renewal, making intensity structural rather than incidental. The Aquarius portion confers visionary, humanitarian drive; the Pisces crossing deepens into transcendence or dissolution depending on psychological integration. Natives capable of channeling this fire produce genuine mysticism; those who don't may express as fanaticism or self-destructive intensity.","Purva Bhadrapada Nakshatra: Jupiter's Most Volatile Placement — When Spiritual Fire Illuminates or Destroys | Gap_Reason: SERP frames this as generically ""transformative"" without explaining the Aquarius-Pisces crossing mechanism or Jupiter's inability to neutralize Ajaikapada's destructive potential. Aligned: Yes"
"revati nakshatra","Revati 27th nakshatra · Mercury ruling · Pushan deity · zodiacal cycle completion · March equinox correspondence","Revati ↔ Pisces/Mercury ↔ Compassionate Transition Guide at Cycle's End","Students expect the final nakshatra to carry Saturn's gravity, making Mercury's rulership counterintuitive and causing misreading of Revati's transitional guide function.","Revati spans 16°40'–30° Pisces, completing the lunar mansion cycle at the zodiac's final degree. Mercury's rulership imports communicative intelligence into Pisces's oceanic compassion, producing a nakshatra that bridges worlds rather than transcending them. Pushan, its presiding deity and divine shepherd-guide, escorts souls safely through transitions including death — making Revati a nakshatra of facilitated passage rather than final culmination. The March equinox correspondence and paired fish symbol position Revati at the simultaneous end and beginning of the zodiacal cycle, encoding both completion and rebirth in the same degree.","Revati Nakshatra: Why the Final Nakshatra Is Mercury-Ruled — The Guide Who Bridges Endings and Beginnings | Gap_Reason: SERP describes ""prosperous"" etymology without explaining Mercury's counterintuitive final-nakshatra rulership or Pushan's transitional deity role as escort through endings. Aligned: Yes"
"punarvasu nakshatra","Punarvasu 7th nakshatra · Jupiter ruling · Aditi deity (boundless sky) · Gemini-Cancer crossing · return and renewal cycle","Punarvasu ↔ Jupiter/Aditi ↔ Renewable Potential After Adversity","Students conflate Punarvasu's renewal with Cancer-Moon energy because the nakshatra ends in Cancer, missing Jupiter's role as ruler and Gemini's intellectual renewal mechanism.","Punarvasu spans 20° Gemini to 3°20' Cancer, with its name meaning ""return of light"" or ""good again."" Jupiter's rulership amplifies restoration quality — this nakshatra carries the capacity to return to baseline after adversity with expanded wisdom, distinguishing renewal from mere repetition. Aditi, deity of the boundless sky and cosmic mother, grants inexhaustible renewal potential that prevents accumulated setbacks from becoming permanent limitations. The Gemini portion contributes intellectual agility to the recovery process; the Cancer portion adds emotional depth to restoration, making Punarvasu natives resilient rather than merely reactive.","Punarvasu Nakshatra: The Return of Light — How Jupiter's 7th Mansion Turns Setbacks Into Expansion Cycles | Gap_Reason: SERP describes ""second chances"" generically; none explain the Aditi boundlessness mechanism or the Gemini-Cancer split's dual restoration mode. Aligned: Yes"
"magha nakshatra","Magha 10th nakshatra · Ketu ruling · Pitrs ancestor deity · Leo royal archetype · ancestral karmic authority","Magha ↔ Leo/Ketu ↔ Ancestral Legacy as Source of Royal Authority","Students expect a Sun or Saturn ruler for Leo's royal nakshatra, so Ketu's rulership creates confusion — authority here is inherited, not earned.","Magha spans 0°–13°20' Leo and is unique in pairing Leo's solar kingship energy with Ketu, the moksha karaka and indicator of past-life accumulation. The Pitrs (ancestors and patriarchs) govern this nakshatra, making authority here a matter of inherited dharma rather than achievement — throne given, not earned. Magha natives often feel compelled to honor family legacy while simultaneously experiencing Ketu's characteristic spiritual detachment from the very inheritance they carry. This tension between ancestral obligation and liberation defines Magha's psychological core and creates the characteristic ""reluctant royalty"" profile.","Magha Nakshatra: Why Ketu Rules the Most Royal Star — Ancestral Karma, Not Earned Status | Gap_Reason: SERP describes ""royal authority"" without explaining Ketu's past-life mechanism or the Pitrs-ancestor deity framework that makes Magha's authority inherited rather than achieved. Aligned: Yes"
"ardra nakshatra","Ardra 6th nakshatra · Rahu ruling · Rudra/Shiva deity · storm transformation · Gemini emotional-intellectual intensity","Ardra ↔ Rahu/Rudra ↔ Cathartic Storm Enabling Renewal","Students conflate Ardra's teardrop with grief, missing Rudra's cathartic destruction mechanism that makes emotional storms a prerequisite for transformation, not a detour.","Ardra spans 6°40'–20° Gemini and is ruled by Rahu, which amplifies and distorts the house it occupies — here intensifying Gemini's mental bandwidth through emotional storms. Rudra, its deity, governs cosmic dissolution that precedes renewal: the storm is functional, not incidental. The teardrop, diamond, and human head symbols collectively represent the mind under pressure that either breaks down into clarity or crystallizes into insight. Rahu's amplification of Gemini's parallel-processing capacity creates exceptional intellectual potential accessed specifically through emotional intensity.","Ardra Nakshatra: Rahu's Storm Star — Why Emotional Intensity Is the Gateway, Not the Obstacle | Gap_Reason: SERP frames Ardra as challenging without explaining the Rahu-Rudra cathartic mechanism that connects storm to transformation. Aligned: Yes"
"dhanishta nakshatra","Dhanishta 23rd nakshatra · Ashta Vasus deity group · Damaru drum symbol · Capricorn-Aquarius crossing · cosmic rhythm and timing","Dhanishta ↔ Mars/Saturn dual influence ↔ Wealth Through Cosmic Synchronization","Students conflate Dhanishta's ""wealthiest"" name with material accumulation, when wealth here references cosmic timing alignment — the ability to synchronize with universal rhythms.","Dhanishta spans 23°20' Capricorn to 6°40' Aquarius with dual planetary influence — Mars in the Capricorn portion drives disciplined ambition; Saturn's Aquarian portion introduces communal coordination. The Ashta Vasus (eight elemental gods) as presiding deities link this nakshatra to collective abundance and elemental harmony rather than individual accumulation. The Damaru drum symbol ties Dhanishta to Shiva's cosmic timing principle: wealth here is attunement to rhythmic precision — cycles, music, and collective coordination. Natives naturally calibrate to timing-sensitive fields: music, athletics, financial cycles, and community organization.","Dhanishta Nakshatra: The Drum of Cosmic Wealth — Why ""Richness"" Here Means Rhythm, Not Money | Gap_Reason: SERP focuses on material wealth interpretation without explaining the Ashta Vasus timing framework or the Damaru drum's cosmic synchronization symbolism. Aligned: Yes"
"saturn in aries 2025","Saturn Aries ingress 2025 · Saturn 2025-2028 transit · cardinal fire restructuring · courageous discipline period · house-based natal impact","Saturn ↔ Aries Ingress (May 2025) ↔ Structural Discipline Applied to Identity and Action","Readers conflate this transit with Saturn Return, alarming non-Aries natives whose Return isn't occurring but whose Aries house faces three-year structural demands.","Saturn entered Aries on May 24-26, 2025, marking its first transit through this sign since 1996-1999 — a generational shift that restructures the domain of identity, initiative, and self-assertion. Unlike Saturn Return (which affects only Saturn-in-Aries natives approaching age 29), this transit activates every person's Aries house, imposing structural demands on whatever life domain Aries governs in their natal chart. Saturn's discipline applied to Aries's impulsive fire creates a three-year period requiring deliberate action-building, replacing reactive momentum with earned initiative. The April 2028 exit provides a clear horizon for the work required during this transit.","Saturn in Aries 2025–2028: What Every Rising Sign's Chart Actually Faces (It's Not a Saturn Return) | Gap_Reason: SERP provides vague ""courageous discipline"" framing without clarifying the Saturn Return confusion or explaining house-based rising sign impacts. Aligned: Yes"
"uranus opposition","Uranus opposition transit · natal Uranus 180° · midlife awakening astrology · age 38-44 authenticity crisis · Uranus cycle polarity","Natal Uranus ↔ Opposition Transit ↔ Polarity Integration and Authenticity Demand","Clients pathologize Uranus opposition as a midlife crisis because SERP frames it identically to cultural midlife-crisis narratives, omitting the polarity integration mechanism.","The Uranus opposition occurs when transiting Uranus reaches 180° from its natal position, typically between ages 38-44 depending on birth year. The astrological mechanism involves Uranus activating the opposite polarity of its natal house — forcing integration of the complementary life domain that has been suppressed or underdeveloped. Uranus as the awakener planet intensifies authenticity demands: what was tolerated for social conformity becomes psychologically untenable. The transit's average duration is 1-3 years with peak intensity at exact opposition, distinguishing it from a diffuse cultural ""crisis"" and making it a mappable, workable passage.","Uranus Opposition at 42: The Midlife Awakening Astrology Actually Explains — Not a Crisis, a Polarity Integration | Gap_Reason: SERP conflates this transit with generic midlife crisis narrative; no result explains the polarity-integration mechanism or why it registers as an authenticity demand rather than personality breakdown. Aligned: Yes"
"mars return astrology","Mars return chart · 686-day Mars cycle · natal Mars conjunction · drive-ambition reset · conflict-and-courage cycle","Natal Mars ↔ Return Conjunction ↔ Action Patterns Reset Every 2.5 Years","Astrology students expect Mars return to feel exclusively energizing because SERP emphasizes ""momentum and electrifying energy,"" obscuring traditional conflict, severance, and force associations.","A Mars return occurs every 686 days when transiting Mars conjoins natal Mars, resetting the cycle of drive, ambition, and action patterns. Classical tradition associates this ingress with force, conflict, severance, and courage — the period can as easily initiate arguments or physical challenges as creative breakthroughs. The Mars return chart, calculated for the moment of exact conjunction, functions as a solar return equivalent for the Martian life domain, previewing themes for the next two-and-a-half year cycle. The house placement of Mars in the return chart identifies which specific domain receives the surge of Martian activation.","Mars Return Every 2.5 Years: How to Read the Return Chart and Prepare for Both the Energy and the Conflict | Gap_Reason: SERP focuses on ""electrifying momentum"" without addressing the conflict-severance dimension or explaining how to interpret the return chart for house-specific forecasting. Aligned: Yes"
"ascendant meaning","ascendant rising sign · first house cusp · birth time sensitivity · house system anchor · eastern horizon degree","Ascendant ↔ Birth Time ↔ House System Orientation","Beginners conflate ascendant with sun sign because horoscope culture centers sun signs, missing the ascendant's role as the birth chart's house system anchor.","The ascendant (rising sign) is the zodiac degree crossing the eastern horizon at the exact moment of birth, making it highly time-sensitive — a 4-minute birth time error can shift the rising sign entirely. As the first house cusp, it anchors the entire house system, assigning every planetary placement to a specific life domain. The rising sign governs first impressions, physical appearance, and instinctive behavior — aspects of personality that register before conscious engagement. Without an accurate birth time, house placements are unreliable even when planetary sign positions remain valid.","What Is Your Ascendant in Astrology? The Rising Sign's Architectural Role Most Charts Ignore | Gap_Reason: SERP gives basic ""zodiac sign on horizon"" definitions without explaining why birth time precision matters or how the ascendant anchors the house system — the structural function most beginners miss. Aligned: Yes"
"cancer rising","Cancer ascendant · Moon chart ruler · 4th house structural emphasis · lunar cycle expression · emotional first impression","Cancer Rising ↔ Moon Rulership ↔ Fluctuating Outer Expression Reflecting Internal State","Readers conflate Cancer rising with Cancer sun personality, missing that Moon rulership creates a cycle-responsive outer expression rather than a fixed identity.","Cancer rising positions the Moon as chart ruler, making the entire birth chart responsive to lunar cycles and the Moon's natal sign, house, and aspects. Unlike Cancer sun (fixed solar expression), Cancer rising creates a fluctuating outer expression that mirrors current emotional state — explaining why Cancer risings appear warmer, cooler, or more guarded depending on when you encounter them. The first house in Cancer activates the fourth house axis (home/roots) as the chart's primary structural polarity, weaving domestic security into all public interactions. Moon's natal placement by sign and house further modifies Cancer rising expression dramatically.","Cancer Rising Personality: Why the Moon as Chart Ruler Makes Your First Impression Shift with Every Cycle | Gap_Reason: SERP describes traits without explaining Moon rulership's chart-wide dynamic impact or why Cancer rising personality appears inconsistent across different encounters. Aligned: Yes"
"virgo rising","Virgo ascendant · Mercury dual chart ruler · 6th house structural prominence · discernment orientation · analytical first impression","Virgo Rising ↔ Mercury (Virgo + Gemini) ↔ Precision and Communicative Agility","Readers conflate Virgo rising's analytical first impression with social coldness because ""meticulous and modest"" SERP descriptions omit Mercury's communicative agility as chart ruler.","Virgo rising installs Mercury as chart ruler, activating both Gemini's communicative Mercury and Virgo's analytical Mercury — creating a chart that processes information with speed and precision simultaneously. The 6th house (health, routine, service) becomes structurally prominent, directing significant life attention toward daily optimization and discernment. Initial impressions project practicality and a noticing quality — Virgo risings observe environmental details that others miss, often registering misalignments before commenting. Mercury's natal placement by sign and house modifies the Virgo rising expression substantially, making it more fluid than the ""perfectionist"" label implies.","Virgo Rising: Mercury as Your Chart Ruler — Why You're Both Analytical AND Socially Agile (Not Just a Perfectionist) | Gap_Reason: SERP describes the ""perfectionist/modest"" surface without explaining dual Mercury rulership or why Virgo rising is more conversationally fluid than reputation suggests. Aligned: Yes"
"gemini rising","Gemini ascendant · Mercury air chart ruler · 3rd house identity emphasis · parallel-processing communication · dual expression mode","Gemini Rising ↔ Mercury/Air ↔ Connective Intelligence Through Rapid Information Exchange","Readers conflate Gemini rising's communication speed with shallowness because SERP emphasizes ""frenetic and swift"" energy, omitting Mercury's connective depth as chart ruler.","Gemini rising places Mercury as chart ruler in its air-sign home, where Mercury expresses through connective agility rather than Virgo's earth-based precision. The 3rd house (communication, local environment, siblings) activates as the ascendant's natural domain, making information exchange central to identity expression. Gemini rising individuals process the world through conversation and conceptual mapping — apparent ""freneticism"" is rapid parallel-processing of incoming data, not superficiality. The natal Mercury's placement by sign channels this processing differently: earth Mercury produces analytical depth, water Mercury produces empathic depth, fire Mercury produces visionary leaps.","Gemini Rising: Why ""Excitable and Frenetic"" Misses How Mercury as Chart Ruler Builds Deep Connective Intelligence | Gap_Reason: SERP focuses on speed and surface communication without explaining the Mercury chart ruler mechanism or how natal Mercury placement shapes the Gemini rising expression's actual depth. Aligned: Yes"
"moon rising sign","Moon sign · rising sign · big three astrology · inner emotional self · outer identity mask","Moon Sign ↔ Rising Sign ↔ Inner Emotional Architecture vs Outer Presentation Layer","Beginners treat ""moon rising"" as a single sign rather than two separate big-three components — moon (inner emotional self) vs rising (outer interface).","The Moon sign (determined by the Moon's zodiac position at birth) governs emotional needs, instinctive reactions, and inner security patterns — the self experienced internally rather than projected outward. The rising sign (ascendant) governs the outer personality mask, physical appearance, and how others initially perceive you. These two points interact dynamically: a fire rising (Aries/Leo/Sagittarius) can mask a water Moon's emotional depth, creating a gap between presentation and interior experience. Understanding both together explains why some people register as warmer ""once you know them"" — Moon reveals what the rising conceals.","Moon Sign vs. Rising Sign: The Inner Self vs. Outer Mask Gap That Explains Why People Change When You Know Them Better | Gap_Reason: SERP explains each sign separately without modeling the interaction dynamic or the presentation-reality gap that makes the moon-rising combination more insightful than either placement alone. Aligned: Yes"
"malefic and benefic planets","natural malefic planets · natural benefic planets · classical seven planets · functional malefic-benefic variation · essential dignity modifier","Malefic/Benefic Classification ↔ Classical Planetary System ↔ Context-Dependent Modification","Students apply malefic/benefic labels universally, missing that Vedic functional designations shift by ascendant and modern planets lack classical classification entirely.","Classical astrology designates Jupiter and Venus as natural benefics (producing ease and growth) and Saturn and Mars as natural malefics (producing restriction and conflict) — a baseline framework, not a complete ruleset. In Vedic astrology, functional benefics and malefics shift by ascendant: Saturn becomes a yogakaraka (highly benefic) for Capricorn and Libra risings despite its natural malefic classification. Modern planets Uranus, Neptune, and Pluto lack the classical benefic/malefic system entirely, requiring separate interpretive frameworks. Essential dignity further modifies behavior: Saturn in Capricorn or Aquarius operates with structured reliability despite its natural malefic designation.","Malefic and Benefic Planets in Astrology: Why the Classical List Is Just the Starting Point | Gap_Reason: SERP gives baseline classification without explaining Vedic functional variation by ascendant, essential dignity modifications, or the modern planet classification gap. Aligned: Yes"
"midheaven astrology","Midheaven MC · 10th house cusp · Medium Coeli · public identity marker · IC polarity axis","Midheaven ↔ 10th House ↔ Public Legacy vs Private Foundation (IC Axis)","Readers reduce Midheaven to career prediction because SERP frames it as ""career astrology,"" missing the public identity axis and IC polarity relationship.","The Midheaven (Medium Coeli, MC) marks the zodiac degree directly overhead at birth — the highest sky point — making it acutely time-sensitive and dependent on accurate birth data. As the 10th house cusp, it governs not only career but the broader territory of public reputation, social role, and the legacy built in others' eyes. The MC's axis partner, the Imum Coeli (IC) at the 4th house cusp, governs private roots and family origins — understanding both poles reveals the private foundation that sustains public life. The MC's sign and conjunct planets reveal the style of public contribution rather than a specific job title.","Midheaven in Astrology: Not Just Career — The Public Identity vs Private Foundation Axis Explained | Gap_Reason: SERP frames MC as purely career-predictive without explaining the IC polarity relationship or the birth time precision requirement. Aligned: Yes"
"opposition in astrology","opposition aspect · 180 degree angle · polarity awareness · complementary sign tension · projection mechanism","Opposition Aspect ↔ 180° Polarity ↔ Projection and Conscious Integration","Beginners treat opposition as purely negative because ""tension"" language dominates SERP descriptions, missing its function as the awareness-producing aspect of conscious integration.","An opposition occurs when two planets occupy positions 180° apart, always in complementary signs of the same modality (cardinal-cardinal, fixed-fixed, mutable-mutable). The tension is awareness-producing rather than purely destructive: the opposing planet externalizes shadow qualities — projecting them onto others or life circumstances — until the native recognizes and integrates them consciously. Unlike squares (which create friction within the same energetic register), oppositions create balanced tension between two distinct life areas requiring simultaneous attention. The relationship partner often embodies the opposing planet's qualities, making personal relationships a primary arena for opposition integration work.","Opposition in Astrology: The 180° Aspect Is About Awareness, Not Conflict — What You Project Is What You Need to Integrate | Gap_Reason: SERP defines opposition as tension without explaining the projection mechanism or the modality-matching rule that distinguishes it from squares. Aligned: Yes"
"highly sensitive person book","Elaine Aron HSP research · sensory processing sensitivity (SPS) · HSP scale peer review · self-help derivative category · HSP-autism overlap discussion","HSP Construct ↔ Aron's SPS Research ↔ Scientific vs Self-Help Evidence Gradient","Readers conflate HSP self-help books with Aron's peer-reviewed research, accepting empath and energy-sensitive derivatives as equally evidence-based without differentiation.","The ""highly sensitive person"" construct originates from Dr. Elaine Aron's 1996 research identifying sensory processing sensitivity (SPS) as a distinct biological trait present in approximately 15-20% of the population. The broader book market has expanded this concept into empaths, energy sensitives, and spiritual sensitives — categories varying significantly in scientific grounding. Distinguishing Aron's peer-reviewed SPS research from derivative self-help interpretations lets readers calibrate engagement: rigorous neuroscience versus supportive narrative. Recent Psychology Today discussions raise questions about SPS-autism measurement overlap, adding a diagnostic dimension that most book lists ignore.","Highly Sensitive Person Books Ranked by Evidence Level: What's Aron's Research vs. What's Self-Help Derivative | Gap_Reason: SERP is entirely ""best books"" listicles without distinguishing scientific validity levels or flagging the Aron-autism overlap discussion present in recent Psychology Today coverage. Aligned: Yes"
"hsp coping strategies","HSP nervous system regulation · sensory overload threshold · stimulation load management · mirror neuron sensitivity · boundary-setting practice","HSP Trait ↔ Nervous System Amplitude ↔ Environment Calibration Strategies","HSP readers adopt generic stress management because SERP presents standard self-care without explaining the HSP-specific nervous system amplitude requiring a fundamentally different recovery approach.","HSP coping operates on the premise that the sensitive nervous system processes sensory and emotional input with greater amplitude — not more incorrectly, but with stronger and more persistent signal. Standard stress management (brief breathing breaks, moderate exercise) often underpowers the nervous system reset required after overstimulation. HSP-specific strategies prioritize: environmental modification before exposure (reducing input load), strategic recovery time calibrated to stimulation intensity, and distinguishing HSP overwhelm from clinical anxiety disorder. Sleep quality functions as the primary nervous system reset mechanism: degraded sleep compounds overstimulation effects non-linearly.","HSP Coping Strategies That Actually Match Your Nervous System — Not Generic Self-Care Rephrased | Gap_Reason: SERP presents standard mindfulness/sleep advice without explaining the amplitude-processing mechanism that makes HSP overwhelm structurally different from ordinary stress and why standard strategies undershoot. Aligned: Yes"
"highly sensitive person debunked","SPS-autism measurement overlap · HSP scale validity · Elaine Aron peer review · self-identification inflation · neurobiological sensitivity evidence","HSP Label ↔ Scientific Validity Debate ↔ Autism Spectrum Overlap Measurement Problem","Skeptics dismiss HSP as pseudoscience while believers treat evidence as settled — both miss the real debate: SPS scale overlap with autism diagnostic measures.","The core scientific criticism targets measurement validity: the Highly Sensitive Person Scale shows substantial factor overlap with autism spectrum questionnaires, creating a classification reliability problem in adult populations. Aron's original research established SPS as a distinct trait with neurobiological markers (fMRI enhanced mirror neuron activation), but subsequent research questions whether high HSPS scores reliably distinguish HSP from undiagnosed autism. The popular self-identification rate far exceeds Aron's 15-20% estimate, suggesting label inflation through self-help culture adoption. What remains empirically unchallenged: individual differences in sensory processing depth are real and neurobiologically grounded.","Highly Sensitive Person Debunked? What the Science Actually Contests (and What It Doesn't) | Gap_Reason: SERP either fully debunks or fully defends HSP; no result explains the specific dispute around SPS-autism measurement overlap or the label-inflation problem created by self-help culture. Aligned: Yes"
"lilith conjunct north node synastry","Black Moon Lilith synastry · North Node activation · karmic shadow attraction · soul growth catalyst · fated-magnetic overlay","Black Moon Lilith ↔ North Node Synastry ↔ Karmic Attraction Through Shadow Activation","Readers interpret this synastry as positive fated love because ""magnetic/fated"" SERP framing omits the shadow-activation dynamic that makes it catalytic rather than stabilizing.","When one person's Lilith conjoins another's North Node, the Lilith person activates the North Node person's growth edge through the medium of Lilith's exiled authenticity — qualities the North Node person must develop but hasn't yet claimed. This creates attraction that registers as simultaneously magnetic and threatening: the North Node person is drawn toward Lilith's autonomous, boundary-setting energy precisely because it represents undeveloped soul material. The relationship functions as a catalyst rather than a stabilizer — growth is real but the friction is structural, not incidental. The ""intoxicating"" intensity described across multiple SERP sources correlates directly with the activation of shadow material.","Lilith Conjunct North Node Synastry: Why ""Fated"" Doesn't Mean Easy — The Shadow Activation Mechanism Explained | Gap_Reason: SERP frames this as positive karmic/fated attraction without explaining the shadow-activation mechanism or why this overlay tends to be catalytic rather than stabilizing long-term. Aligned: Yes"
"astrocartography interpretation","astrocartography planetary lines · four angular activations (ASC/DSC/MC/IC) · paracartography · crossing point compound zones · relocation astrology","Astrocartography Lines ↔ Angular House Activations ↔ Geographic Life Domain Shifts","Beginners treat all astrocartography lines as equally potent because SERP beginner guides list all line types without establishing the angular line (ASC/MC/IC/DSC) hierarchy.","An astrocartography map plots where each natal planet would occupy an angular house (1st, 4th, 7th, 10th) at different geographic locations. The four angular lines carry the strongest life-domain shifts: ASC lines amplify personal presence and vitality, MC lines activate career and public recognition, IC lines resurface ancestral foundations, and DSC lines intensify partnership dynamics. Non-angular house lines (via paracartography) provide a secondary influence layer. Line crossings — where two different planetary lines intersect — create compound activation zones that blend both planetary energies simultaneously and are often the most transformative geographic points.","How to Interpret Your Astrocartography Map: The Angular Line Priority Principle Most Beginners Skip | Gap_Reason: SERP beginner guides treat all lines as equally weighted; no result clearly explains the ASC/DSC/MC/IC hierarchy or how crossing points create compound activations. Aligned: Yes"
"ophiuchus zodiac sign","Ophiuchus constellation · 13th zodiac proposal · tropical vs sidereal zodiac distinction · NASA ecliptic count · astronomy-astrology category error","Ophiuchus ↔ Sidereal Constellation Count ↔ Tropical Zodiac System (Unaffected)","Searchers believe NASA ""added"" Ophiuchus to the zodiac because media periodically republishes NASA's constellation count as if it were an astrology system update.","The Ophiuchus controversy stems from a category error: NASA describes 13 constellations the ecliptic passes through (observational astronomy), while Western astrology uses a 12-sign system based on the Earth's orbital relationship to the Sun, not constellation boundaries. The tropical zodiac divides the ecliptic into 12 equal 30° segments anchored to the vernal equinox — this system doesn't change when astronomers update constellation catalogues. Vedic/sidereal astrology uses stellar boundaries but maintains its own 27-nakshatra system without Ophiuchus. Steven Schmidt first proposed including it in 1970; the controversy resurfaces whenever journalists rediscover astronomical data without understanding the astrology-astronomy distinction.","Ophiuchus Is Not Your New Zodiac Sign: NASA, Tropical Astrology, and the Category Error That Won't Die | Gap_Reason: SERP mixes trait descriptions with vague ""blown out of proportion"" disclaimers; no result explains the tropical zodiac mechanism that makes Ophiuchus's inclusion a category error. Aligned: Yes"
"spirit animal chart","spirit animal guide · totem animal tradition · power animal archetype · zodiac-spirit animal correlation · neo-shamanic synthesis","Spirit Animal ↔ Cultural Tradition Origin ↔ Personal Spiritual Guidance Application","Users conflate zodiac-based spirit animal charts with Indigenous totem traditions because search results mix both without noting their distinct cultural origins and relationship frameworks.","Spirit animal charts derive from multiple distinct traditions: Indigenous North American totem systems (tribally specific, ceremonially cultivated), Western neo-shamanic practice (popularized since the 1980s through Michael Harner's core shamanism), and modern zodiac-spirit animal correlations (a contemporary birth-date-based synthesis without traditional roots). The relationship framework differs fundamentally: Indigenous traditions cultivate animal relationships through observation and ceremony; neo-shamanism through journeying; zodiac systems through algorithmic assignment. Content conflating these risks cultural insensitivity and functional misalignment — a reader seeking practical spiritual tools needs to know which framework they're working within.","Spirit Animal Chart: The Three Different Traditions Behind One Overloaded Term | Gap_Reason: SERP presents spirit animal charts as a unified system; no result distinguishes Indigenous totem traditions from neo-shamanic practice from zodiac correlations or explains why the distinctions matter for respectful use. Aligned: Yes"
"native american zodiac signs","Native American animal zodiac · Sun Bear Medicine Wheel · totem animal birth sign · tribal star knowledge · modern composite system","""Native American Zodiac"" ↔ Sun Bear 1980s Synthesis ↔ Distinct Tribal Astronomical Traditions","Readers treat Native American zodiac as a pre-colonial unified tradition when it is largely a 1980s composite by Sun Bear, not pan-tribal.","The ""Native American zodiac"" as commonly presented online derives primarily from Sun Bear's Medicine Wheel teachings (published 1980s), which synthesized multiple Indigenous traditions into a single accessible framework for Western audiences. Authentic Indigenous astronomical knowledge varies significantly by nation: Lakota, Anishinaabe, Cherokee, and Pueblo peoples each have distinct star and animal lore without a shared pan-tribal 12-sign system. The modern zodiac format (12 animals mapped to birth months) mirrors Western astrology's structure more than any pre-colonial practice. Respectful engagement requires acknowledging this modern synthesis origin while honoring the genuine spiritual teachings within Sun Bear's framework.","Native American Zodiac Signs: What's Traditional Teaching, What's Modern Synthesis, and Why the Distinction Matters | Gap_Reason: SERP presents a unified ""Native American zodiac"" without noting its 1980s composite origin via Sun Bear or the diversity of actual tribal star and animal traditions. Aligned: Yes"
"elvis birth chart","Elvis Presley natal chart · Capricorn Sun · Pisces Moon · Sagittarius Rising · Sun-Mercury 2nd house conjunction","Elvis Chart ↔ Capricorn/Pisces/Sagittarius Triple ↔ Disciplined Drive + Mythological Projection + Emotional Dissolution","Readers focus on Elvis's Capricorn Sun ambition alone, missing Sagittarius Rising's mythologizing function that transformed disciplined work into an archetypal cultural legend.","Elvis's birth chart shows Capricorn Sun conjunct Mercury in the 2nd house — discipline and communicative precision anchoring his financial-creative identity. Sagittarius Rising projects philosophical grandeur and larger-than-life public presence, explaining why his Capricorn work ethic translated into mythological status rather than mere professional success. Pisces Moon in a prominent house supplies the emotional boundlessness and empathic resonance that connected performances to mass audiences beyond entertainment skill. The Capricorn-Pisces tension — discipline versus dissolution — appears structurally in his career arc: controlled ascent followed by years of pharmaceutical dissolution.","Elvis Presley's Birth Chart: The Capricorn-Pisces-Sagittarius Triangle That Explains Both His Rise and His Dissolution | Gap_Reason: SERP provides planetary facts without connecting the chart architecture to his career narrative arc or explaining how Sagittarius Rising amplified Capricorn Sun into cultural mythology. Aligned: Yes"
"pluto in 6th house","Pluto 6th house natal · health transformation obsession · daily routine restructuring · workplace power dynamics · Scorpio 6th house parallel","Pluto ↔ 6th House (Health/Routine/Service) ↔ Compulsive Transformation of Daily Systems","Readers focus on Pluto 6th house health disruptions because SERP leads with illness, omitting the compulsive power-dynamic mechanism in workplace and service relationships.","Pluto in the 6th house installs transformative compulsion into daily routine, health, service, and work environment — not as a one-time crisis but as continuous structural pressure for deep overhaul. Power dynamics in workplace and service relationships intensify: this placement can manifest as either the reformer who dismantles dysfunctional systems or the one who experiences controlling dynamics from supervisors or institutions. Health crises tend toward Plutonian themes: regeneration, chronic depth issues, or radical healing transformations rather than acute minor illnesses. The OCD-like quality noted in multiple SERP sources reflects Pluto's compulsive mastery drive applied to daily ritual and hygiene.","Pluto in the 6th House: Why This Placement Demands a Complete Overhaul of Work, Health, and Service Relationships | Gap_Reason: SERP describes intensity generically without explaining the power-dynamic mechanism in service relationships or the OCD-to-mastery spectrum of this placement. Aligned: Yes"
"birth chart interpretation","natal chart synthesis · planets in signs · house placement · aspect pattern · four-layer integration","Birth Chart ↔ Four Factors (Planets/Signs/Houses/Aspects) ↔ Integrated Personality and Life Domain Map","Beginners interpret birth charts by reading planets in signs individually because SERP beginner guides present each element separately, never modeling how to synthesize them.","A birth chart achieves interpretive depth through synthesis of four interacting layers: planets (what drives are present), signs (how they express), houses (in which life domain), and aspects (how planets modify each other). Any single layer produces partial interpretation — a Venus in Scorpio means different things in the 7th house (relationship intensity) versus the 12th house (hidden desire patterns), and both shift when Venus squares Saturn (constraint) versus trines Neptune (idealization). The synthesis skill — holding all four layers simultaneously — distinguishes functional chart reading from keyword stacking. Beginners benefit most from learning one complete cycle (sun + moon + rising) before expanding to additional placements.","How to Read a Birth Chart: The 4-Layer Synthesis Method That Prevents Keyword Stacking | Gap_Reason: SERP provides element-by-element guides without modeling the synthesis method that makes birth chart reading functionally useful rather than a list of isolated meanings. Aligned: Yes"
"what does the sun and moon symbolize","Sun conscious identity · Moon unconscious emotional architecture · solar-lunar polarity · inner self vs outer narrative · consciousness polarity","Sun ↔ Moon ↔ Conscious Identity Narrative vs Emotional Interior Architecture","Readers treat Sun and Moon as parallel trait lists because SERP uses ""what you're like"" framing, missing the conscious-unconscious polarity they actually represent.","The Sun symbolizes the conscious identity structure — the organizing narrative the ego uses to define itself and engage with the world. The Moon symbolizes the unconscious emotional architecture — instinctive reactions, security needs, and the inner life that precedes conscious control. Together they form the primary interior polarity of the birth chart: Sun as the story told about oneself, Moon as the feelings running beneath that story. The developmental task is integration: neither is more ""real,"" and the gap between them is the primary site of psychological growth in natal chart work.","Sun and Moon Symbolism in Astrology: The Conscious Identity vs. Emotional Interior Polarity Most Charts Skip Past | Gap_Reason: SERP describes traits (Sun = bold, Moon = sensitive) without explaining the consciousness-structure distinction or the developmental integration task that makes the polarity actionable. Aligned: Yes"
"power hand mudra","hasta mudra · prana energy channel · fingertip nerve activation · Sanskrit seal gesture · mind-body energy regulation","Mudra Gesture ↔ Fingertip Nerve Pathway ↔ Autonomic System and Prana Regulation","Practitioners treat hand mudras as symbolic gestures without energetic function because SERP emphasizes spiritual symbolism over the nerve-pressure activation mechanism.","Mudras (Sanskrit: ""seal"" or ""gesture"") direct prana through specific nerve pathways by creating pressure at fingertip nerve endings connected to body systems in Ayurvedic anatomy. The hands contain approximately 72,000 minor nerve endings, making fingertip positioning capable of influencing the autonomic nervous system and organ function when held consistently. Power hand mudras channel activating energy through designated finger circuits corresponding to fire (thumb), air (index), space (middle), earth (ring), and water (little finger) elements in the Ayurvedic elemental system. Regular practice (15-30 minutes daily) enables cumulative neurological conditioning to produce measurable changes in focus, energy distribution, and calm.","Power Hand Mudra: How Finger Positioning Activates Nerve Pathways (Not Just Symbolic Gesture) | Gap_Reason: SERP frames mudras as spiritual symbols or yoga accessories; no result explains the nerve-pressure mechanism behind energetic effects or the Ayurvedic anatomy underlying fingertip-organ element connections. Aligned: Yes"
